<blueprint xmlns="http://www.osgi.org/xmlns/blueprint/v1.0.0">
    <reference id="httpService" availability="mandatory" activation="eager" interface="org.osgi.service.http.HttpService"/>
    <reference id="loader" availability="mandatory" activation="eager" interface="org.opendaylight.dlux.loader.DluxModuleLoader"/>
 
    <bean id="bundle" init-method="initialize" destroy-method="clean" class="org.opendaylight.dlux.loader.DluxModule">
    	<property name="httpService" ref="httpService"/>
    	<property name="loader" ref="loader"/>
    	<property name="moduleName" value="topbar"/>
    	<property name="url" value="/src/common/topbar"/>
        <property name="directory" value="/topbar"/>
    	<property name="requireJs" value="common/topbar/topbar.module"/>
    	<property name="angularJs" value="app.common.topbar"/>
    </bean>
</blueprint>
