<blueprint xmlns="http://www.osgi.org/xmlns/blueprint/v1.0.0">
	<reference id="httpService" availability="mandatory" activation="eager" interface="org.osgi.service.http.HttpService"/>
    <reference id="loader" availability="mandatory" activation="eager" interface="org.opendaylight.dlux.loader.DluxModuleLoader"/>

    <bean id="bundle" init-method="initialize" destroy-method="clean" class="org.opendaylight.dlux.loader.DluxModule">
      <property name="httpService" ref="httpService"/>
      <property name="loader" ref="loader"/>
      <property name="moduleName" value="topology"/>
      <property name="url" value="/src/app/topology"/>
      <property name="directory" value="/topology"/>
      <property name="requireJs" value="app/topology/topology.module"/>
      <property name="angularJs" value="app.topology"/>
    </bean>
</blueprint>